[
 {
  "first_name": "E.", 
  "death": "1924", 
  "last_name": "Nesbit", 
  "birth": "1858", 
  "nationality": "British", 
  "author_id": "1",
  "bio": "Edith Nesbit was an English author and poet; she published her books for children under the name of E. Nesbit. She wrote or collaborated on more than 60 books of children's literature. She was also a political activist and co-founded the Fabian Society, a socialist organisation later affiliated to the Labour Party.",
  "image": "https://upload.wikimedia.org/wikipedia/commons/4/4b/Nesbit.jpg"
 }, 
 {
  "first_name": "John", 
  "death": "1967", 
  "last_name": "Masefield", 
  "birth": "1878", 
  "nationality": "British", 
  "author_id": "2",
  "bio": "John Edward Masefield, English poet and writer, was Poet Laureate of the United Kingdom from 1930. Among his best known works are his children's novels and the poems \"The Everlasting Mercy\" and \"Sea-Fever\".",
  "image": "https://upload.wikimedia.org/wikipedia/commons/thumb/b/b9/John_Edward_Masefield_in_1916.jpg/500px-John_Edward_Masefield_in_1916.jpg"
 }, 
 {
  "first_name": "C. S.", 
  "death": "1963", 
  "last_name": "Lewis", 
  "birth": "1898", 
  "nationality": "British", 
  "author_id": "3",
  "bio": "Clive Staples Lewis was a British novelist, poet, academic, medievalist, literary critic, essayist, lay theologian, broadcaster, lecturer, and Christian apologist. He held academic positions at both Oxford University (Magdalen College, 1925–1954) and Cambridge University (Magdalene College, 1954–1963). He is best known for his fictional work and for his non-fiction Christian apologetics.",
  "image": "https://upload.wikimedia.org/wikipedia/en/1/1e/C.s.lewis3.JPG"
 }, 
 {
  "first_name": "E. B.", 
  "death": "1985", 
  "last_name": "White", 
  "birth": "1899", 
  "nationality": "American", 
  "author_id": "4",
  "bio": "Elwyn Brooks White was an American writer. He was a contributor to The New Yorker magazine and a co-author of the English language style guide, The Elements of Style. He also wrote books for children. White received the Laura Ingalls Wilder Medal from the U.S. professional children's librarians in 1970, recognizing his \"substantial and lasting contributions to children's literature.\"",
  "image": "https://upload.wikimedia.org/wikipedia/commons/1/18/EB_White_and_his_dog_Minnie.png"
 }, 
 {
  "first_name": "Edward", 
  "death": "1964", 
  "last_name": "Eager", 
  "birth": "1911", 
  "nationality": "American", 
  "author_id": "5",
  "bio": "Edward McMaken Eager was an American lyricist, dramatist, and writer of children's fiction. Eager was a childhood fan of L. Frank Baum's Oz series, and started writing children's books when he could not find stories he wanted to read to his own young son. In his books, Eager often acknowledges his debt to E. Nesbit, whom he thought of as the best children's author of all time.",
  "image": "https://images.gr-assets.com/authors/1238364444p8/131683.jpg"
 }, 
 {
  "first_name": "Madeleine", 
  "death": "2007", 
  "last_name": "L'Engle", 
  "birth": "1918", 
  "nationality": "American", 
  "author_id": "6",
  "bio": "Madeleine L'Engle was an American writer best known for young adult fiction, particularly the Newbery Medal-winning A Wrinkle in Time and its sequels. Her works reflect both her Christian faith and her strong interest in science.",
  "image": "https://upload.wikimedia.org/wikipedia/en/c/c9/Madeleine_lengle.jpg"
 }, 
 {
  "first_name": "Rosemary", 
  "death": "1992", 
  "last_name": "Sutcliff", 
  "birth": "1920", 
  "nationality": "British", 
  "author_id": "7",
  "bio": "Rosemary Sutcliff CBE (14 December 1920 – 23 July 1992) was an English novelist best known for children's books, especially historical fiction and retellings of myths and legends. Although she was primarily a children's author, the quality and depth of her writing also appeals to adults. In a 1986 interview she said, \"I would claim that my books are for children of all ages, from nine to ninety.\"",
  "image": "https://rosemarysutcliff.files.wordpress.com/2010/03/rosemary-sutcliff.jpg?w=360&h=334"
 }, 
 {
  "first_name": "Penelope", 
  "death": "NULL", 
  "last_name": "Farmer", 
  "birth": "1939", 
  "nationality": "British", 
  "author_id": "8",
  "bio": "Penelope Jane Farmer (born 1939) is an English fiction writer best known for children's fantasy novels. Farmer's first publication was The China People, a collection of literary fairy tales for young people, in 1960. Farmer was known in 2012 to be living on Lanzarote in the Canary Islands. She there described herself as \"a writer — published for many years, now struggling.\"",
  "image": "https://images.gr-assets.com/authors/1324226625p5/2559.jpg"
 }, 
 {
  "first_name": "Roald", 
  "death": "1990", 
  "last_name": "Dahl", 
  "birth": "1942", 
  "nationality": "British", 
  "author_id": "9",
  "bio": "Roald Dahl was a British novelist, short story writer, poet, screenwriter, and fighter pilot. His books have sold more than 250 million copies worldwide. Dahl's short stories are known for their unexpected endings and his children's books for their unsentimental, macabre, often darkly comic mood, featuring villainous adult enemies of the child characters. He has been referred to as \"one of the greatest storytellers for children of the 20th century\".",
  "image": "https://upload.wikimedia.org/wikipedia/commons/thumb/2/29/Roald_Dahl.jpg/440px-Roald_Dahl.jpg"
 }, 
 {
  "first_name": "Jeanne", 
  "death": "NULL", 
  "last_name": "Birdsall", 
  "birth": "1951", 
  "nationality": "American", 
  "author_id": "10",
  "bio": "Jeanne Birdsall is an American writer of children's books. She is known mainly for the Penderwick sisters series. Her debut novel, published when she was 44, won the 2005 National Book Award for Young People's Literature.",
  "image": "https://upload.wikimedia.org/wikipedia/commons/thumb/a/ac/Jeanne_Birdsall.jpg/440px-Jeanne_Birdsall.jpg"
 }, 
 {
  "first_name": "J. K.", 
  "death": "NULL", 
  "last_name": "Rowling", 
  "birth": "1965", 
  "nationality": "British", 
  "author_id": "11",
  "bio": "Joanne Rowling, pen names J. K. Rowling and Robert Galbraith, is a British novelist, screenwriter and film producer best known as the author of the Harry Potter fantasy series. The books have gained worldwide attention, won multiple awards, and sold more than 400 million copies to become the best-selling book series in history. Time magazine named her as a runner-up for its 2007 Person of the Year, noting the social, moral, and political inspiration she has given her fans. In October 2010, Rowling was named the \"Most Influential Woman in Britain\" by leading magazine editors.",
  "image": "https://upload.wikimedia.org/wikipedia/commons/thumb/5/5d/J._K._Rowling_2010.jpg/440px-J._K._Rowling_2010.jpg"
 }
]
