[
 {
  "author_id": "4", 
  "published": "1952", 
  "book_id": "1", 
  "title": "Charlotte's Web"
 }, 
 {
  "author_id": "4", 
  "published": "1945", 
  "book_id": "2", 
  "title": "Stuart Little"
 }, 
 {
  "author_id": "4", 
  "published": "1970", 
  "book_id": "3", 
  "title": "The Trumpet of the Swan"
 }, 
 {
  "author_id": "1", 
  "published": "1902", 
  "book_id": "4", 
  "title": "Five Children and It"
 }, 
 {
  "author_id": "1", 
  "published": "1904", 
  "book_id": "5", 
  "title": "The Phoenix and the Carpet"
 }, 
 {
  "author_id": "1", 
  "published": "1906", 
  "book_id": "6", 
  "title": "The Story of the Amulet"
 }, 
 {
  "author_id": "6", 
  "published": "1962", 
  "book_id": "7", 
  "title": "A Wrinkle in Time"
 }, 
 {
  "author_id": "6", 
  "published": "1973", 
  "book_id": "8", 
  "title": "A Wind at the Door"
 }, 
 {
  "author_id": "6", 
  "published": "1978", 
  "book_id": "9", 
  "title": "A Swiftly Tilting Planet"
 }, 
 {
  "author_id": "5", 
  "published": "1954", 
  "book_id": "10", 
  "title": "Half Magic"
 }, 
 {
  "author_id": "5", 
  "published": "1956", 
  "book_id": "11", 
  "title": "Knight's Castle"
 }, 
 {
  "author_id": "5", 
  "published": "1957", 
  "book_id": "12", 
  "title": "Magic by the Lake"
 }, 
 {
  "author_id": "5", 
  "published": "1958", 
  "book_id": "13", 
  "title": "The Time Garden"
 }, 
 {
  "author_id": "2", 
  "published": "1927", 
  "book_id": "14", 
  "title": "The Midnight Folk"
 }, 
 {
  "author_id": "2", 
  "published": "1935", 
  "book_id": "15", 
  "title": "The Box of Delights"
 }, 
 {
  "author_id": "3", 
  "published": "1950", 
  "book_id": "16", 
  "title": "The Lion, the Witch, and the Wardrobe"
 }, 
 {
  "author_id": "3", 
  "published": "1951", 
  "book_id": "17", 
  "title": "Prince Caspian"
 }, 
 {
  "author_id": "3", 
  "published": "1951", 
  "book_id": "18", 
  "title": "The Voyage of the Dawn Treader"
 }, 
 {
  "author_id": "3", 
  "published": "1953", 
  "book_id": "19", 
  "title": "The Silver Chair"
 }, 
 {
  "author_id": "3", 
  "published": "1954", 
  "book_id": "20", 
  "title": "The Horse and His Boy"
 }, 
 {
  "author_id": "3", 
  "published": "1955", 
  "book_id": "21", 
  "title": "The Magician's Nephew"
 }, 
 {
  "author_id": "3", 
  "published": "1956", 
  "book_id": "22", 
  "title": "The Last Battle"
 }, 
 {
  "author_id": "8", 
  "published": "1961", 
  "book_id": "23", 
  "title": "The Phantom Tollbooth"
 }, 
 {
  "author_id": "8", 
  "published": "1969", 
  "book_id": "24", 
  "title": "Charlotte Sometimes"
 }, 
 {
  "author_id": "10", 
  "published": "2005", 
  "book_id": "25", 
  "title": "The Penderwicks"
 }, 
 {
  "author_id": "10", 
  "published": "2008", 
  "book_id": "26", 
  "title": "The Penderwicks on Gardam Street"
 }, 
 {
  "author_id": "10", 
  "published": "2011", 
  "book_id": "27", 
  "title": "The Penderwicks at Point Mouette"
 }, 
 {
  "author_id": "10", 
  "published": "2015", 
  "book_id": "28", 
  "title": "The Penderwicks in Spring"
 }, 
 {
  "author_id": "11", 
  "published": "1997", 
  "book_id": "29", 
  "title": "Harry Potter and the Philosopher's Stone"
 }, 
 {
  "author_id": "11", 
  "published": "1998", 
  "book_id": "30", 
  "title": "Harry Potter and the Chamber of Secrets"
 }, 
 {
  "author_id": "11", 
  "published": "1999", 
  "book_id": "31", 
  "title": "Harry Potter and the Prisoner of Azkaban"
 }, 
 {
  "author_id": "11", 
  "published": "2000", 
  "book_id": "32", 
  "title": "Harry Potter and the Goblet of Fire"
 }, 
 {
  "author_id": "11", 
  "published": "2003", 
  "book_id": "33", 
  "title": "Harry Potter and the Order of the Phoenix"
 }, 
 {
  "author_id": "11", 
  "published": "2005", 
  "book_id": "34", 
  "title": "Harry Potter and the Half-Blood Prince"
 }, 
 {
  "author_id": "11", 
  "published": "2007", 
  "book_id": "35", 
  "title": "Harry Potter and the Deathly Hallows"
 }, 
 {
  "author_id": "7", 
  "published": "1979", 
  "book_id": "36", 
  "title": "The Sword and the Circle"
 }, 
 {
  "author_id": "7", 
  "published": "1979", 
  "book_id": "37", 
  "title": "The Light Beyond the Forest"
 }, 
 {
  "author_id": "7", 
  "published": "1981", 
  "book_id": "38", 
  "title": "The Road to Camlann"
 }, 
 {
  "author_id": "9", 
  "published": "1988", 
  "book_id": "39", 
  "title": "Matilda"
 }, 
 {
  "author_id": "9", 
  "published": "1983", 
  "book_id": "40", 
  "title": "The Witches"
 }, 
 {
  "author_id": "9", 
  "published": "1982", 
  "book_id": "41", 
  "title": "The BFG"
 }, 
 {
  "author_id": "9", 
  "published": "1991", 
  "book_id": "42", 
  "title": "The Minpins"
 }
]
